{
  "e": [
    "i",
    "a",
    "o",
    "u"
  ],
  "a": [
    "e",
    "i",
    "o",
    "u"
  ],
  "i": [
    "e",
    "a",
    "y",
    "u"
  ],
  "s": [
    "c",
    "z",
    "t",
    "d"
  ],
  "o": [
    "a",
    "e",
    "u",
    "i"
  ],
  "n": [
    "m",
    "d",
    "r",
    "t"
  ],
  "c": [
    "s",
    "t",
    "g",
    "k"
  ],
  "u": [
    "e",
    "i",
    "o",
    "a"
  ],
  "m": [
    "n",
    "t",
    "d",
    "p"
  ],
  "y": [
    "i",
    "e",
    "u",
    "o"
  ],
  "d": [
    "t",
    "b",
    "g",
    "e"
  ],
  "t": [
    "d",
    "c",
    "s",
    "h"
  ],
  "k": [
    "c",
    "h",
    "t",
    "g"
  ],
  "w": [
    "u",
    "r",
    "h",
    "e"
  ],
  "z": [
    "s",
    "x",
    "c",
    "g"
  ],
  "p": [
    "b",
    "f",
    "t",
    "m"
  ],
  "r": [
    "l",
    "e",
    "u",
    "n"
  ],
  "b": [
    "d",
    "p",
    "v",
    "m"
  ],
  "v": [
    "f",
    "b",
    "t",
    "n"
  ],
  "f": [
    "v",
    "r",
    "l",
    "g"
  ],
  "l": [
    "t",
    "r",
    "i",
    "d"
  ],
  "g": [
    "j",
    "c",
    "d",
    "t"
  ],
  "q": [
    "c",
    "g",
    "t",
    "a"
  ],
  "h": [
    "n",
    "e",
    "t",
    "i"
  ],
  "x": [
    "c",
    "s",
    "z",
    "t"
  ],
  "j": [
    "g",
    "d",
    "h",
    "v"
  ]
}
